Source	Size
webpack://SeismicArticlev2/node_modules/moment/locale/ sync ^\.\/.*$	76867
webpack://SeismicArticlev2/integrateSDK/share/widgetViewerComponents/Empty/images/NewUIEmpty.tsx	54256
webpack://SeismicArticlev2/integrateSDK/share/widgets/page.docList/components/Viewer/index.jsx	28630
webpack://SeismicArticlev2/integrateSDK/share/dependencies/react-custom-scrollbars/Scrollbars/index.js	18688
webpack://SeismicArticlev2/integrateSDK/share/widgets/page.people/components/Viewer/components/CardList/List/Card.jsx	16586
webpack://SeismicArticlev2/integrateSDK/share/viewers/mobile/initSeismicCommon.ts	16547
webpack://SeismicArticlev2/integrateSDK/share/common/utils/InternalContentManager.ts	14901
webpack://SeismicArticlev2/integrateSDK/share/common/utils/ExternalContentManager/index.tsx	14625
webpack://SeismicArticlev2/integrateSDK/share/widgets/page.docList/components/core/index.js	14575
webpack://SeismicArticlev2/integrateSDK/share/widgets/page.docList/components/Viewer/components/CarouselList/Card.jsx	14352
webpack://SeismicArticlev2/integrateSDK/share/widgets/page.docList/components/Viewer/components/HighlightList/highlistSlideItem.jsx	13655
webpack://SeismicArticlev2/integrateSDK/share/widgets/page.docList/components/Viewer/components/CarouselList/index.jsx	12847
webpack://SeismicArticlev2/integrateSDK/share/common/utils/ExternalContentManager/ExtensionHost/XCP.js	12679
webpack://SeismicArticlev2/integrateSDK/share/common/utils/ExternalContentManager/ExtensionHost/ContentPicker.jsx	12346
webpack://SeismicArticlev2/integrateSDK/share/common/utils/ExternalContentManager/SeismicBase/FeaturePointContentPicker.jsx	12195
webpack://SeismicArticlev2/integrateSDK/share/widgets/page.docList/components/Viewer/components/TileList/List/Card.jsx	11753
webpack://SeismicArticlev2/integrateSDK/share/common/utils/ExternalContentManager/SeismicBase/BaseExternalContentOnDocList.js	11253
webpack://SeismicArticlev2/integrateSDK/share/widgets/page.docList/components/core/specificDeliveryOptions.js	11079
webpack://SeismicArticlev2/integrateSDK/share/common/utils/ExternalContentManager/ExtensionHost/index.ts	11009
webpack://SeismicArticlev2/integrateSDK/share/widgets/page.docList/components/core/rulesToServer.js	10885
webpack://SeismicArticlev2/integrateSDK/share/common/i18n/index.ts	10728
webpack://SeismicArticlev2/integrateSDK/share/widgets/page.people/components/Viewer/index.jsx	10396
webpack://SeismicArticlev2/integrateSDK/share/widgets/page.people/components/Viewer/components/CardList/ListMobile/Card.jsx	10245
webpack://SeismicArticlev2/integrateSDK/share/common/utils/ExternalContentManager/SeismicBase/index.ts	10098
webpack://SeismicArticlev2/integrateSDK/share/widgets/page.docList/components/Viewer/components/TileList/List/index.jsx	9934
webpack://SeismicArticlev2/integrateSDK/share/widgets/page.docList/components/Viewer/components/ContentList/index.jsx	9916
webpack://SeismicArticlev2/integrateSDK/share/widgets/page.people/components/Viewer/components/CardList/List/index.jsx	9673
webpack://SeismicArticlev2/integrateSDK/share/widgets/page.people/components/Viewer/components/ContentList/MobileCard.jsx	9658
webpack://SeismicArticlev2/integrateSDK/share/widgets/page.people/components/Viewer/components/ContentList/index.jsx	9138
webpack://SeismicArticlev2/integrateSDK/share/widgets/page.docList/components/Viewer/components/CustomSingleActionBar/RowActionsMenu/index.jsx	8989
webpack://SeismicArticlev2/integrateSDK/share/widgets/page.docList/components/Viewer/components/HighlightList/desk.jsx	8682
webpack://SeismicArticlev2/integrateSDK/share/widgets/page.docList/components/Viewer/components/ContentList/getColumnsForDataGrid.jsx	8605
webpack://SeismicArticlev2/integrateSDK/share/widgets/page.navigation/components/Viewer/index.jsx	8351
webpack://SeismicArticlev2/integrateSDK/share/widgetViewerComponents/Dropdown/index.jsx	8286
webpack://SeismicArticlev2/integrateSDK/share/widgets/page.navigation/components/Viewer/components/VerticalIcons/index.jsx	8087
webpack://SeismicArticlev2/integrateSDK/share/widgetEditorComponents/UniversalContentPicker/loadUCPCompent.tsx	7892
webpack://SeismicArticlev2/integrateSDK/share/widgets/page.docList/components/Viewer/components/HighlightList/card.jsx	7724
webpack://SeismicArticlev2/integrateSDK/share/widgetViewerComponents/CoverImage/CoverImage.jsx	7635
webpack://SeismicArticlev2/integrateSDK/share/widgets/page.navigation/components/Viewer/components/Buttons/index.jsx	7592
webpack://SeismicArticlev2/integrateSDK/share/widgets/page.navigation/components/core/index.js	7319
webpack://SeismicArticlev2/integrateSDK/share/widgets/page.docList/components/Viewer/components/ContentList/MobileCard.jsx	7304
webpack://SeismicArticlev2/integrateSDK/share/widgets/page.people/components/Viewer/components/ContentList/getColumns.jsx	7046
webpack://SeismicArticlev2/integrateSDK/share/widgets/page.rawHtml/components/Viewer/index.jsx	6997
webpack://SeismicArticlev2/integrateSDK/share/pageComponents/TruncateRichText/tools.ts	6857
webpack://SeismicArticlev2/integrateSDK/share/widgets/page.docList/components/Viewer/components/ContentList/getColumns.jsx	6813
webpack://SeismicArticlev2/integrateSDK/share/widgetEditorComponents/UniversalContentPicker/index.jsx	6568
webpack://SeismicArticlev2/integrateSDK/share/widgets/page.docList/components/Viewer/components/TileList/ListMobile/Card.jsx	6568
webpack://SeismicArticlev2/integrateSDK/share/widgets/page.people/components/Viewer/components/ContentList/getColumnsForDataGrid.jsx	6442
webpack://SeismicArticlev2/integrateSDK/share/widgets/page.docList/components/core/delivery.business.js	6203
webpack://SeismicArticlev2/integrateSDK/share/widgetViewerComponents/RichTextView/hooks.tsx	5982
webpack://SeismicArticlev2/integrateSDK/share/common/service/init.js	5619
webpack://SeismicArticlev2/integrateSDK/common/service/getArticleSetting.js	5590
webpack://SeismicArticlev2/integrateSDK/share/common/service/index.js	5582
webpack://SeismicArticlev2/integrateSDK/share/widgetViewerComponents/table/TableViewer/OuterTable/index.jsx	5542
webpack://SeismicArticlev2/integrateSDK/share/widgets/page.people/components/core/rulesToServer.js	5529
webpack://SeismicArticlev2/integrateSDK/common/service/init.js	5442
webpack://SeismicArticlev2/integrateSDK/share/widgets/page.docList/components/Viewer/components/TileList/List/slideItem.jsx	5313
webpack://SeismicArticlev2/integrateSDK/share/widgets/page.table/components/Viewer/TableWidget/index.jsx	5243
webpack://SeismicArticlev2/integrateSDK/share/viewers/mobile/index.tsx	5212
webpack://SeismicArticlev2/integrateSDK/share/widgetViewerComponents/table/TableViewer/index.jsx	5202
webpack://SeismicArticlev2/integrateSDK/share/widgetViewerComponents/table/TableViewer/InnerTable/index.jsx	5166
webpack://SeismicArticlev2/integrateSDK/share/widgets/page.table/viewer.js	5148
webpack://SeismicArticlev2/integrateSDK/share/viewers/core/WidgetLink.ts	5116
webpack://SeismicArticlev2/integrateSDK/share/widgets/page.people/components/Viewer/components/CardList/index.jsx	5034
webpack://SeismicArticlev2/integrateSDK/share/pageComponents/DetailNavigator/index.jsx	4939
webpack://SeismicArticlev2/integrateSDK/share/widgets/page.docList/components/Viewer/components/TileList/index.jsx	4927
webpack://SeismicArticlev2/integrateSDK/share/widgets/page.docList/components/Viewer/components/CustomSingleActionBar/index.jsx	4885
webpack://SeismicArticlev2/integrateSDK/share/mobile/contract.ts	4821
webpack://SeismicArticlev2/integrateSDK/share/widgets/page.docList/components/Viewer/components/HighlightList/index.jsx	4784
webpack://SeismicArticlev2/integrateSDK/share/widgets/page.photoText/components/Viewer/index.jsx	4701
webpack://SeismicArticlev2/integrateSDK/share/widgets/page.people/components/core/index.js	4672
webpack://SeismicArticlev2/integrateSDK/share/widgets/page.docList/components/Viewer/components/TileList/ListMobile/index.jsx	4639
webpack://SeismicArticlev2/integrateSDK/share/pageComponents/TruncateText/index.jsx	4597
webpack://SeismicArticlev2/integrateSDK/share/widgetViewerComponents/table/components/Row/index.jsx	4565
webpack://SeismicArticlev2/integrateSDK/share/pageComponents/List/index.jsx	4552
webpack://SeismicArticlev2/integrateSDK/share/widgets/page.cover/components/Viewer/index.jsx	4543
webpack://SeismicArticlev2/integrateSDK/share/widgets/page.people/components/Viewer/components/CardList/List/slideItem.jsx	4451
webpack://SeismicArticlev2/integrateSDK/share/widgets/page.docList/components/Viewer/components/ContentList/EllipsisText/index.jsx	4388
webpack://SeismicArticlev2/integrateSDK/share/widgets/page.people/components/Viewer/components/ContentList/emaliCell.jsx	4366
webpack://SeismicArticlev2/integrateSDK/share/widgets/page.navigation/components/Viewer/components/HorizontalIcons/index.jsx	4363
webpack://SeismicArticlev2/integrateSDK/share/widgetViewerComponents/table/components/Cell/index.jsx	4325
webpack://SeismicArticlev2/integrateSDK/share/widgets/page.people/components/Viewer/components/CardList/ListMobile/index.jsx	4299
webpack://SeismicArticlev2/integrateSDK/share/widgets/page.people/components/Viewer/components/ContentList/MobileList.jsx	4100
webpack://SeismicArticlev2/integrateSDK/share/widgetViewerComponents/Dropdown/Option.jsx	4031
webpack://SeismicArticlev2/integrateSDK/share/widgetViewerComponents/table/components/Column/index.jsx	4029
webpack://SeismicArticlev2/integrateSDK/share/widgets/page.table/components/Viewer/index.jsx	3944
webpack://SeismicArticlev2/integrateSDK/share/widgets/page.docList/components/Viewer/components/ContentList/ContentName/index.jsx	3936
webpack://SeismicArticlev2/integrateSDK/share/widgets/page.docList/components/Viewer/components/ContentList/MobileList.jsx	3864
webpack://SeismicArticlev2/integrateSDK/share/widgets/page.photoText/components/Viewer/InnerViewer.jsx	3725
webpack://SeismicArticlev2/integrateSDK/share/widgetViewerComponents/table/TableViewer/TableContainer/index.jsx	3634
webpack://SeismicArticlev2/integrateSDK/share/widgets/page.docList/components/core/constants.js	3525
webpack://SeismicArticlev2/integrateSDK/share/common/utils/convertToAssociatedRules.ts	3512
webpack://SeismicArticlev2/integrateSDK/share/pageComponents/TruncateRichText/TruncateRichText.tsx	3501
webpack://SeismicArticlev2/integrateSDK/share/common/styles/constants.js	3499
webpack://SeismicArticlev2/integrateSDK/share/widgetViewerComponents/Dropdown/List.jsx	3467
webpack://SeismicArticlev2/integrateSDK/share/widgets/page.docList/components/Viewer/components/TileList/List/dot.jsx	3452
webpack://SeismicArticlev2/integrateSDK/share/widgets/page.docList/components/Viewer/components/ActionBar/index.jsx	3415
webpack://SeismicArticlev2/integrateSDK/share/widgets/page.people/components/Viewer/components/CardList/List/dot.jsx	3372
webpack://SeismicArticlev2/integrateSDK/share/widgets/page.docList/components/Viewer/components/HighlightList/dot.jsx	3358
webpack://SeismicArticlev2/integrateSDK/common/service/index.js	3352
webpack://SeismicArticlev2/integrateSDK/share/widgets/page.docList/components/core/DataHelper.js	3232
webpack://SeismicArticlev2/integrateSDK/share/pageComponents/TruncateRichText/hooks.ts	3199
webpack://SeismicArticlev2/integrateSDK/share/widgets/page.doubleParagraph/components/Viewer/index.jsx	3127
webpack://SeismicArticlev2/integrateSDK/share/viewers/core/internalLinkHandler/index.js	3115
webpack://SeismicArticlev2/integrateSDK/share/common/utils/animateUtil.js	2892
webpack://SeismicArticlev2/integrateSDK/share/widgets/page.docList/viewer.js	2833
webpack://SeismicArticlev2/integrateSDK/share/dependencies/react-custom-scrollbars/Scrollbars/defaultRenderElements.js	2832
webpack://SeismicArticlev2/integrateSDK/share/pageComponents/TruncateRichText/SingleLineRichText.tsx	2831
webpack://SeismicArticlev2/integrateSDK/share/pageComponents/Truncate/index.jsx	2791
webpack://SeismicArticlev2/integrateSDK/common/utils/getFitImageURL.js	2768
webpack://SeismicArticlev2/integrateSDK/share/common/utils/generateArticleDataWithVisibleRole.ts	2704
webpack://SeismicArticlev2/integrateSDK/share/pageComponents/DetailNavigator/openContent.js	2618
webpack://SeismicArticlev2/integrateSDK/share/pageComponents/Modal/components/index.jsx	2526
webpack://SeismicArticlev2/integrateSDK/share/widgetViewerComponents/FloatButton/index.tsx	2515
webpack://SeismicArticlev2/integrateSDK/share/widgets/page.doubleParagraph/viewer.js	2473
webpack://SeismicArticlev2/integrateSDK/share/common/utils/fileToBase64.js	2457
webpack://SeismicArticlev2/integrateSDK/share/common/utils/anchorsUtil.jsx	2424
webpack://SeismicArticlev2/integrateSDK/share/widgets/page.photoText/viewer.js	2395
webpack://SeismicArticlev2/integrateSDK/share/widgets/page.paragraph/viewer.js	2366
webpack://SeismicArticlev2/integrateSDK/share/common/utils/GlobalBranding.ts	2300
webpack://SeismicArticlev2/integrateSDK/share/widgets/page.docList/components/Viewer/components/ContentList/IERenderView.jsx	2194
webpack://SeismicArticlev2/integrateSDK/share/viewers/core/internalLinkHandler/universalLinkParser.js	2031
webpack://SeismicArticlev2/integrateSDK/share/common/service/api/index.js	2010
webpack://SeismicArticlev2/integrateSDK/share/widgets/page.people/components/Viewer/components/ContentList/IERenderView.jsx	1964
webpack://SeismicArticlev2/integrateSDK/share/common/utils/dialog.js	1960
webpack://SeismicArticlev2/integrateSDK/share/common/utils/getTOCUrl.js	1916
webpack://SeismicArticlev2/integrateSDK/share/viewers/core/extensions/index.jsx	1904
webpack://SeismicArticlev2/integrateSDK/share/common/utils/createEventEmitter.js	1883
webpack://SeismicArticlev2/integrateSDK/share/common/utils/taskQueue.js	1868
webpack://SeismicArticlev2/integrateSDK/share/pageComponents/Tooltip/index.jsx	1849
webpack://SeismicArticlev2/integrateSDK/share/common/service/adapter/content.js	1838
webpack://SeismicArticlev2/integrateSDK/share/widgets/page.table/components/componentsForViewer/ContentRichView/index.jsx	1806
webpack://SeismicArticlev2/integrateSDK/share/common/events/utils.js	1797
webpack://SeismicArticlev2/integrateSDK/share/widgetViewerComponents/RichTextView/index.tsx	1754
webpack://SeismicArticlev2/integrateSDK/share/widgets/page.table/components/core/structure.js	1733
webpack://SeismicArticlev2/integrateSDK/share/widgets/page.docList/components/Viewer/components/ContentList/DateFormat.jsx	1709
webpack://SeismicArticlev2/integrateSDK/share/widgets/page.navigation/components/Viewer/components/Buttons/utils.js	1695
webpack://SeismicArticlev2/integrateSDK/share/widgets/page.docList/components/Viewer/components/ContentList/Rating.jsx	1682
webpack://SeismicArticlev2/integrateSDK/common/service/api/index.js	1641
webpack://SeismicArticlev2/integrateSDK/share/pageComponents/MantleWrapper/index.jsx	1617
webpack://SeismicArticlev2/integrateSDK/share/viewers/mobile/mobileApi.ts	1617
webpack://SeismicArticlev2/integrateSDK/share/widgetViewerComponents/CoverImage/ImageLink.jsx	1595
webpack://SeismicArticlev2/integrateSDK/share/pageComponents/DeliveryOptionWrapper.tsx	1580
webpack://SeismicArticlev2/integrateSDK/share/common/utils/hostEnvironment.js	1510
webpack://SeismicArticlev2/integrateSDK/share/widgetViewerComponents/table/core/data.js	1489
webpack://SeismicArticlev2/integrateSDK/share/widgets/page.paragraph/components/Viewer/index.tsx	1401
webpack://SeismicArticlev2/integrateSDK/share/widgets/page.docList/components/Editor/DocListPicker/components/common/DocListTitle/utils.js	1363
webpack://SeismicArticlev2/integrateSDK/share/common/constants/index.js	1356
webpack://SeismicArticlev2/integrateSDK/share/widgets/page.navigation/viewer.js	1324
webpack://SeismicArticlev2/integrateSDK/share/viewers/core/Navigator.ts	1316
webpack://SeismicArticlev2/integrateSDK/share/common/utils/copyUrl.js	1290
webpack://SeismicArticlev2/integrateSDK/share/widgets/page.people/components/core/getUsersInfo.js	1281
webpack://SeismicArticlev2/integrateSDK/share/common/utils/deepCopy.js	1254
webpack://SeismicArticlev2/integrateSDK/share/widgets/page.docList/components/Viewer/components/ContentList/MNTimeStamp.jsx	1244
webpack://SeismicArticlev2/integrateSDK/share/widgetViewerComponents/Empty/index.jsx	1211
webpack://SeismicArticlev2/integrateSDK/share/common/utils/widgetDataLoadMonitor.ts	1191
webpack://SeismicArticlev2/integrateSDK/share/common/events/contentViewV2.js	1126
webpack://SeismicArticlev2/integrateSDK/share/widgetViewerComponents/table/core/ZoomCompatible.js	1121
webpack://SeismicArticlev2/integrateSDK/share/widgets/page.people/components/core/constants.js	1091
webpack://SeismicArticlev2/integrateSDK/share/common/utils/nativeCommand.js	1090
webpack://SeismicArticlev2/integrateSDK/share/common/events/contentDownloadV2.js	1074
webpack://SeismicArticlev2/integrateSDK/share/common/utils/setContainerClassName.js	1060
webpack://SeismicArticlev2/integrateSDK/share/widgets/page.cover/viewer.js	1032
webpack://SeismicArticlev2/integrateSDK/share/pageComponents/TruncateRichText/RichText.tsx	1025
webpack://SeismicArticlev2/integrateSDK/share/viewers/mobile/init.ts	1020
webpack://SeismicArticlev2/integrateSDK/share/common/utils/hideWidget.jsx	1018
webpack://SeismicArticlev2/integrateSDK/share/widgets/page.docList/components/core/getProperites.js	987
webpack://SeismicArticlev2/integrateSDK/share/common/utils/index.js	984
webpack://SeismicArticlev2/integrateSDK/share/dependencies/react-custom-scrollbars/Scrollbars/styles.js	977
webpack://SeismicArticlev2/integrateSDK/share/widgetViewerComponents/table/core/config.js	938
webpack://SeismicArticlev2/integrateSDK/share/common/global/index.js	929
webpack://SeismicArticlev2/integrateSDK/share/widgetViewerComponents/CoverImage/index.jsx	841
webpack://SeismicArticlev2/integrateSDK/share/common/constants/environmentEnum.ts	840
webpack://SeismicArticlev2/integrateSDK/share/widgets/page.navigation/components/Viewer/components/Buttons/Title.jsx	809
[unmapped]	795
webpack://SeismicArticlev2/integrateSDK/share/widgets/page.photoText/components/core/constants.js	790
webpack://SeismicArticlev2/integrateSDK/common/constant.js	759
webpack://SeismicArticlev2/integrateSDK/common/service/getHHSService.js	682
webpack://SeismicArticlev2/integrateSDK/share/pageComponents/ToolTipWithMobile/index.tsx	681
webpack://SeismicArticlev2/integrateSDK/share/common/utils/deliveryEventDispatcher.ts	672
webpack://SeismicArticlev2/integrateSDK/share/widgets/page.docList/components/Viewer/components/HighlightList/constants.js	635
webpack://SeismicArticlev2/integrateSDK/share/common/events/contentViewV1.js	603
webpack://SeismicArticlev2/integrateSDK/share/widgets/page.people/components/core/toClient.js	600
webpack://SeismicArticlev2/integrateSDK/share/widgets/page.table/components/core/config.js	600
webpack://SeismicArticlev2/integrateSDK/share/pageComponents/TruncateRichText/TruncateSingleLineRichText.tsx	595
webpack://SeismicArticlev2/integrateSDK/share/viewers/core/extensions/calcMainDataForOneColumn.js	574
webpack://SeismicArticlev2/integrateSDK/share/common/service/getUserManagerInfo.js	573
webpack://SeismicArticlev2/integrateSDK/share/common/utils/dateTool.js	568
webpack://SeismicArticlev2/integrateSDK/share/common/utils/FMSHelper.ts	564
webpack://SeismicArticlev2/integrateSDK/share/common/utils/formatFileSize.js	556
webpack://SeismicArticlev2/integrateSDK/share/widgets/page.people/viewer.js	527
webpack://SeismicArticlev2/integrateSDK/share/viewers/core/extensions/handleUniversalLink.js	524
webpack://SeismicArticlev2/integrateSDK/share/common/utils/datagridLicenseManager.js	514
webpack://SeismicArticlev2/integrateSDK/share/common/utils/isGreaterThanLines.js	510
webpack://SeismicArticlev2/integrateSDK/share/common/service/resolverStore.js	492
webpack://SeismicArticlev2/integrateSDK/share/dependencies/react-custom-scrollbars/utils/getScrollbarWidth.js	477
webpack://SeismicArticlev2/integrateSDK/share/common/utils/createTag.ts	470
webpack://SeismicArticlev2/integrateSDK/share/widgetViewerComponents/table/core/index.js	468
webpack://SeismicArticlev2/integrateSDK/share/widgetEditorComponents/UserAndUserGroup/constants.js	431
webpack://SeismicArticlev2/integrateSDK/share/widgets/page.people/components/core/getSystemPropertiesI18n.js	418
webpack://SeismicArticlev2/integrateSDK/share/viewers/core/internalLinkHandler/regexes.js	413
webpack://SeismicArticlev2/integrateSDK/share/common/i18n/constants.ts	390
webpack://SeismicArticlev2/integrateSDK/share/widgets/page.docList/components/core/getSystemPropertiesI18n.js	364
webpack://SeismicArticlev2/integrateSDK/share/widgets/page.navigation/components/Viewer/components/VerticalIcons/utils.js	363
webpack://SeismicArticlev2/integrateSDK/pageComponents/Spinner/index.tsx	358
webpack://SeismicArticlev2/integrateSDK/share/widgetViewerComponents/table/core/namespace/index.js	349
webpack://SeismicArticlev2/integrateSDK/share/common/utils/onPlayerEvent.js	347
webpack://SeismicArticlev2/integrateSDK/share/common/utils/keyboardTools.ts	322
webpack://SeismicArticlev2/integrateSDK/share/widgets/page.docList/components/core/isEnableDoclistDelivery.js	309
webpack://SeismicArticlev2/integrateSDK/share/widgets/page.rawHtml/viewer.js	298
webpack://SeismicArticlev2/integrateSDK/share/widgetEditorComponents/UniversalContentPicker/helper.ts	291
webpack://SeismicArticlev2/integrateSDK/share/widgets/page.navigation/components/core/constants.js	286
webpack://SeismicArticlev2/integrateSDK/share/common/utils/ExternalContentManager/types.ts	278
webpack://SeismicArticlev2/integrateSDK/share/common/utils/isGif.js	269
webpack://SeismicArticlev2/integrateSDK/share/common/utils/isEnableMultiValueEqualInDoclist.js	233
webpack://SeismicArticlev2/integrateSDK/share/widgets/page.docList/components/Viewer/components/ActionBar/utils.js	232
webpack://SeismicArticlev2/integrateSDK/share/common/i18n/viewer/helper.js	230
webpack://SeismicArticlev2/integrateSDK/share/common/utils/isEnableDeliveryInDoclist.js	227
webpack://SeismicArticlev2/integrateSDK/share/common/utils/isEnableCMVersionCreatedDate.js	226
webpack://SeismicArticlev2/integrateSDK/share/common/utils/getPopupContainer.ts	220
webpack://SeismicArticlev2/integrateSDK/share/common/utils/isNextUi.js	220
webpack://SeismicArticlev2/integrateSDK/share/dependencies/react-custom-scrollbars/utils/getInnerWidth.js	220
webpack://SeismicArticlev2/integrateSDK/share/dependencies/react-custom-scrollbars/utils/getInnerHeight.js	219
webpack://SeismicArticlev2/integrateSDK/share/common/utils/dateHandler.ts	215
webpack://SeismicArticlev2/integrateSDK/share/common/utils/isEmpty.ts	213
webpack://SeismicArticlev2/integrateSDK/share/common/utils/getRoot.js	200
webpack://SeismicArticlev2/integrateSDK/share/widgets/page.table/components/core/constants.js	198
webpack://SeismicArticlev2/integrateSDK/share/pageComponents/TruncateRichText/index.ts	180
[sourceMappingURL]	167
webpack://SeismicArticlev2/integrateSDK/share/dependencies/react-custom-scrollbars/index.js	165
webpack://SeismicArticlev2/integrateSDK/share/common/utils/isFolder.js	163
webpack://SeismicArticlev2/integrateSDK/share/dependencies/react-custom-scrollbars/utils/returnFalse.js	156
webpack://SeismicArticlev2/integrateSDK/share/dependencies/react-custom-scrollbars/utils/isString.js	131
webpack://SeismicArticlev2/integrateSDK/share/common/styles/seismic-page-icon/index.js	111
webpack://SeismicArticlev2/integrateSDK/share/widgets/page.rawHtml/components/core/constants.js	99
[EOLs]	2